run,variant,ok,fb,stage,n_iter
0,base,False,64.67217205294665,hgca_cma_failed,96388
0,auto_raw,False,64.67217205294665,hgca_cma_failed,96388
0,auto_orth,True,0.0,struct_pcu_ok,2
1,base,False,47.75796920339182,hgca_cma_failed,79858
1,auto_raw,False,47.75796920339182,hgca_cma_failed,79858
1,auto_orth,True,0.0,struct_pcu_ok,2
2,base,False,69.64696230059403,hgca_cma_failed,79531
2,auto_raw,False,69.64696230059403,hgca_cma_failed,79531
2,auto_orth,True,0.0,struct_pcu_ok,2
3,base,False,65.66717672418493,hgca_cma_failed,86751
3,auto_raw,False,65.66717672418493,hgca_cma_failed,86751
3,auto_orth,True,0.0,struct_pcu_ok,2
4,base,False,52.73277964775366,hgca_cma_failed,77119
4,auto_raw,False,52.73277964775366,hgca_cma_failed,77119
4,auto_orth,True,0.0,struct_pcu_ok,2
5,base,False,47.757974241210896,hgca_cma_failed,77444
5,auto_raw,False,47.757974241210896,hgca_cma_failed,77444
5,auto_orth,True,0.0,struct_pcu_ok,2
6,base,False,55.7175354558498,hgca_cma_failed,81931
6,auto_raw,False,55.7175354558498,hgca_cma_failed,81931
6,auto_orth,True,0.0,struct_pcu_ok,2
7,base,False,52.73273925432475,hgca_cma_failed,81937
7,auto_raw,False,52.73273925432475,hgca_cma_failed,81937
7,auto_orth,True,0.0,struct_pcu_ok,2
8,base,False,41.78822493647022,hgca_cma_failed,80185
8,auto_raw,False,41.78822493647022,hgca_cma_failed,80185
8,auto_orth,True,0.0,struct_pcu_ok,2
9,base,False,65.66715652747047,hgca_cma_failed,82260
9,auto_raw,False,65.66715652747047,hgca_cma_failed,82260
9,auto_orth,True,0.0,struct_pcu_ok,2
10,base,False,55.71759622889016,hgca_cma_failed,82264
10,auto_raw,False,55.71759622889016,hgca_cma_failed,82264
10,auto_orth,True,0.0,struct_pcu_ok,2
11,base,False,67.65706942094099,hgca_cma_failed,82595
11,auto_raw,False,67.65706942094099,hgca_cma_failed,82595
11,auto_orth,True,0.0,struct_pcu_ok,2
12,base,False,64.67223282598701,hgca_cma_failed,79526
12,auto_raw,False,64.67223282598701,hgca_cma_failed,79526
12,auto_orth,True,0.0,struct_pcu_ok,2
13,base,False,57.70752446415306,hgca_cma_failed,91562
13,auto_raw,False,57.70752446415306,hgca_cma_failed,91562
13,auto_orth,True,0.0,struct_pcu_ok,2
14,base,False,60.69239151435663,hgca_cma_failed,79524
14,auto_raw,False,60.69239151435663,hgca_cma_failed,79524
14,auto_orth,True,0.0,struct_pcu_ok,2
15,base,False,51.73778523505053,hgca_cma_failed,79524
15,auto_raw,False,51.73778523505053,hgca_cma_failed,79524
15,auto_orth,True,0.0,struct_pcu_ok,2
16,base,False,137.96873201991198,hgca_cma_failed,77095
16,auto_raw,False,137.96873201991198,hgca_cma_failed,77095
16,auto_orth,True,0.0,struct_pcu_ok,2
17,base,False,60.692401635432915,hgca_cma_failed,96384
17,auto_raw,False,60.692401635432915,hgca_cma_failed,96384
17,auto_orth,True,0.0,struct_pcu_ok,2
18,base,False,56.71256540705975,hgca_cma_failed,77444
18,auto_raw,False,56.71256540705975,hgca_cma_failed,77444
18,auto_orth,True,0.0,struct_pcu_ok,2
19,base,False,84.57128761228819,hgca_cma_failed,80506
19,auto_raw,False,84.57128761228819,hgca_cma_failed,80506
19,auto_orth,True,0.0,struct_pcu_ok,2
20,base,False,48.75293329830419,hgca_cma_failed,82593
20,auto_raw,False,48.75293329830419,hgca_cma_failed,82593
20,auto_orth,True,0.0,struct_pcu_ok,2
21,base,False,62.68228943182875,hgca_cma_failed,79526
21,auto_raw,False,62.68228943182875,hgca_cma_failed,79526
21,auto_orth,True,0.0,struct_pcu_ok,2
22,base,False,69.64694714169866,hgca_cma_failed,79527
22,auto_raw,False,69.64694714169866,hgca_cma_failed,79527
22,auto_orth,True,0.0,struct_pcu_ok,2
23,base,False,57.707549698686584,hgca_cma_failed,79531
23,auto_raw,False,57.707549698686584,hgca_cma_failed,79531
23,auto_orth,True,0.0,struct_pcu_ok,2
24,base,False,36.81345992335639,hgca_cma_failed,82919
24,auto_raw,False,36.81345992335639,hgca_cma_failed,82919
24,auto_orth,True,0.0,struct_pcu_ok,2
25,base,False,66.66195290883154,hgca_cma_failed,81936
25,auto_raw,False,66.66195290883154,hgca_cma_failed,81936
25,auto_orth,True,0.0,struct_pcu_ok,2
26,base,False,55.71761642560462,hgca_cma_failed,86747
26,auto_raw,False,55.71761642560462,hgca_cma_failed,86747
26,auto_orth,True,0.0,struct_pcu_ok,2
27,base,False,59.69744761615871,hgca_cma_failed,80513
27,auto_raw,False,59.69744761615871,hgca_cma_failed,80513
27,auto_orth,True,0.0,struct_pcu_ok,2
28,base,False,54.72267252740671,hgca_cma_failed,81931
28,auto_raw,False,54.72267252740671,hgca_cma_failed,81931
28,auto_orth,True,0.0,struct_pcu_ok,2
29,base,False,61.6873201162003,hgca_cma_failed,87076
29,auto_raw,False,61.6873201162003,hgca_cma_failed,87076
29,auto_orth,True,0.0,struct_pcu_ok,2
30,base,False,54.72266240633041,hgca_cma_failed,82591
30,auto_raw,False,54.72266240633041,hgca_cma_failed,82591
30,auto_orth,True,0.0,struct_pcu_ok,2
31,base,False,35.81850086626309,hgca_cma_failed,82917
31,auto_raw,False,35.81850086626309,hgca_cma_failed,82917
31,auto_orth,True,0.0,struct_pcu_ok,2
32,base,False,69.64698771802458,hgca_cma_failed,79852
32,auto_raw,False,69.64698771802458,hgca_cma_failed,79852
32,auto_orth,True,0.0,struct_pcu_ok,2
33,base,False,50.74284637467171,hgca_cma_failed,91566
33,auto_raw,False,50.74284637467171,hgca_cma_failed,91566
33,auto_orth,True,0.0,struct_pcu_ok,2
34,base,False,74.62172731370788,hgca_cma_failed,78095
34,auto_raw,False,74.62172731370788,hgca_cma_failed,78095
34,auto_orth,True,0.0,struct_pcu_ok,2
35,base,False,45.768000391803035,hgca_cma_failed,96388
35,auto_raw,False,45.768000391803035,hgca_cma_failed,96388
35,auto_orth,True,0.0,struct_pcu_ok,2
36,base,False,54.72265736851133,hgca_cma_failed,91901
36,auto_raw,False,54.72265736851133,hgca_cma_failed,91901
36,auto_orth,True,0.0,struct_pcu_ok,2
37,base,False,62.68225897657914,hgca_cma_failed,80841
37,auto_raw,False,62.68225897657914,hgca_cma_failed,80841
37,auto_orth,True,0.0,struct_pcu_ok,2
38,base,False,70.64198213072768,hgca_cma_failed,82265
38,auto_raw,False,70.64198213072768,hgca_cma_failed,82265
38,auto_orth,True,0.0,struct_pcu_ok,2
39,base,False,49.74790751429286,hgca_cma_failed,77447
39,auto_raw,False,49.74790751429286,hgca_cma_failed,77447
39,auto_orth,True,0.0,struct_pcu_ok,2
40,base,False,46.763000025222226,hgca_cma_failed,78091
40,auto_raw,False,46.763000025222226,hgca_cma_failed,78091
40,auto_orth,True,0.0,struct_pcu_ok,2
41,base,False,59.697422381625174,hgca_cma_failed,79846
41,auto_raw,False,59.697422381625174,hgca_cma_failed,79846
41,auto_orth,True,0.0,struct_pcu_ok,2
42,base,False,40.79326587937694,hgca_cma_failed,86760
42,auto_raw,False,40.79326587937694,hgca_cma_failed,86760
42,auto_orth,True,0.0,struct_pcu_ok,2
43,base,False,54.7226624063304,hgca_cma_failed,79850
43,auto_raw,False,54.7226624063304,hgca_cma_failed,79850
43,auto_orth,True,0.0,struct_pcu_ok,2
44,base,False,104.47030630675694,hgca_cma_failed,79517
44,auto_raw,False,104.47030630675694,hgca_cma_failed,79517
44,auto_orth,True,0.0,struct_pcu_ok,2
45,base,False,56.71250967183847,hgca_cma_failed,96389
45,auto_raw,False,56.71250967183847,hgca_cma_failed,96389
45,auto_orth,True,0.0,struct_pcu_ok,2
46,base,False,56.71259064159329,hgca_cma_failed,86749
46,auto_raw,False,56.71259064159329,hgca_cma_failed,86749
46,auto_orth,True,0.0,struct_pcu_ok,2
47,base,False,62.68225897657914,hgca_cma_failed,77481
47,auto_raw,False,62.68225897657914,hgca_cma_failed,77481
47,auto_orth,True,0.0,struct_pcu_ok,2
48,base,False,60.692345900211635,hgca_cma_failed,77777
48,auto_raw,False,60.692345900211635,hgca_cma_failed,77777
48,auto_orth,True,0.0,struct_pcu_ok,2
49,base,False,76.61164542789447,hgca_cma_failed,77112
49,auto_raw,False,76.61164542789447,hgca_cma_failed,77112
49,auto_orth,True,0.0,struct_pcu_ok,2
